<core:View xmlns:core="sap.ui.core" xmlns:mvc="sap.ui.core.mvc"
	xmlns="sap.m" xmlns:l="sap.ui.layout" controllerName="todomvc.Todo"
	xmlns:html="http://www.w3.org/1999/xhtml">
	<Page title="Todo">
		<content>
			<l:Grid>

				<Input id="todoInput" placeholder="Write a new todo here">
					<layoutData>
						<l:GridData span="L6 M6 S12" />
					</layoutData>
				</Input>
				
				<Button width="100%" text="Add Todo" press=".addNewTodo" >
					<layoutData>
						<l:GridData span="L3 M3 S6" />
					</layoutData>
				
				</Button>
				
				<Button width="100%" text="Clear Completed" press=".clearCompleted" >
					<layoutData>
						<l:GridData span="L3 M3 S6" />
					</layoutData>
				
				</Button>

				<Table items="{/Todos}">
					<layoutData>
						<l:GridData span="L12 M12 S12" />
					</layoutData>

					<columns>
						<Column width="5em">
							<Label text="Check" />
						</Column>

						<Column>
							<Label text="Description" />
						</Column>

						<Column>
							<Label text="" />
						</Column>
					</columns>

					<items>
						<ColumnListItem vAlign="Middle">
							<cells>
								<CheckBox selected="{Complete}"/>
								<Label text="{Title}"/>
								<Button text="Delete"/>
							</cells>
						</ColumnListItem>
					</items>
				</Table>

			</l:Grid>
		</content>
	</Page>
</core:View>