[{"Bonus":"35","LastName":"Popescu","FirstName":"Ioan","BornDate":"Thu Mar 08 1973 00:00:00 GMT+0200 (GTB Standard Time)","BornDateToTable":"8/2/1973","ID":"814","ManagersID":"0","DateEmployee":"Wed Aug 22 1990 00:00:00 GMT+0300 (GTB Daylight Time)","EmployDate":"22/7/1990","Function":"ManagerEchipe","BRM":"Manager","Pay":"5940","NumberOfWorkDays":"22","HoursOfWork":"8","RateOfWork":"25"},{"Hours":"4","LastName":"Batrin","FirstName":"Alin","BornDate":"Sun Aug 22 1993 00:00:00 GMT+0300 (GTB Daylight Time)","BornDateToTable":"22/7/1993","ID":"296","ManagersID":"814","DateEmployee":"Sun Aug 22 1999 00:00:00 GMT+0300 (GTB Daylight Time)","EmployDate":"22/7/1999","Function":"Programator ajutor","BRM":"Part Time","Pay":"2200","NumberOfWorkDays":"22","HoursOfWork":"8","RateOfWork":"25"},{"LastName":"Alexa","FirstName":"Florin","BornDate":"Thu Aug 22 1985 00:00:00 GMT+0300 (GTB Daylight Time)","BornDateToTable":"22/7/1985","ID":"266","ManagersID":"814","DateEmployee":"Tue Aug 22 1995 00:00:00 GMT+0300 (GTB Daylight Time)","EmployDate":"22/7/1995","Function":"Programator","BRM":"Full Time","Pay":"4400","NumberOfWorkDays":"22","HoursOfWork":"8","RateOfWork":"25"},{"Bonus":"40","LastName":"Popa","FirstName":"Radu","BornDate":"Mon May 22 1967 00:00:00 GMT+0300 (GTB Daylight Time)","BornDateToTable":"22/4/1967","ID":"748","ManagersID":"0","DateEmployee":"Wed Aug 22 1990 00:00:00 GMT+0300 (GTB Daylight Time)","EmployDate":"22/7/1990","Function":"ManagerGeneral","BRM":"Manager","Pay":"6160","NumberOfWorkDays":"22","HoursOfWork":"8","RateOfWork":"25"}]